{
 "K": [
  [
   730.6723264700414,
   0.0,
   376.93865361082584
  ],
  [
   0.0,
   728.6181872338263,
   336.4849680329136
  ],
  [
   0.0,
   0.0,
   1.0
  ]
 ],
 "distortion": [
  [
   0.042670563304377844,
   -0.5871753402868537,
   -0.01016373231522653,
   -0.01889107174629361,
   1.5244540773764323
  ]
 ]
}